[{
  "status": {
    "code": 0,
    "description": "OK"
  },
  "servicePackage": {
    "service": "REGULAR (REG)",
    "value": 15000.0
  },
  "city": {
    "origin": "Bandung",
    "destination": "Jakarta"
  },
  "weight": 2.0,
  "quantity": 1,
  "priceItem": 80000.0,
  "productName": "Celana Jeans"
},{
  "status": {
    "code": 0,
    "description": "OK"
  },
  "servicePackage": {
    "service": "Reguler (REG)",
    "value": 26000.0
  },
  "city": {
    "origin": "Bandung",
    "destination": "Surabaya"
  },
  "weight": 2.0,
  "quantity": 2,
  "priceItem": 90000.0,
  "productName": "Kemeja Lengan Panjang"
}]